{"cameraMode":{"drawMode":0,"name":"Shaded","section":"Shading Mode"},"sceneLighting":false,"audioPlay":false,"sceneViewState":{"showFog":true,"showMaterialUpdate":false,"showSkybox":false,"showFlares":true,"showImageEffects":true,"showParticleSystems":true},"in2DMode":false,"pivot":{"x":24.99991798400879,"y":0.8432497978210449,"z":24.98760986328125},"rotation":{"x":-0.046296484768390658,"y":0.14542365074157716,"z":-0.006807494442909956,"w":-0.9882776737213135},"size":4.670254707336426,"orthographic":false}